customer_key,first_name,last_name,email,active,create_date
1,MARY,SMITH,MARY.SMITH@sakilacustomer.org,1,"2006-02-14 22:04:36"
2,PATRICIA,JOHNSON,PATRICIA.JOHNSON@sakilacustomer.org,1,"2006-02-14 22:04:36"
3,LINDA,WILLIAMS,LINDA.WILLIAMS@sakilacustomer.org,1,"2006-02-14 22:04:36"
4,BARBARA,JONES,BARBARA.JONES@sakilacustomer.org,1,"2006-02-14 22:04:36"
5,ELIZABETH,BROWN,ELIZABETH.BROWN@sakilacustomer.org,1,"2006-02-14 22:04:36"
6,JENNIFER,DAVIS,JENNIFER.DAVIS@sakilacustomer.org,1,"2006-02-14 22:04:36"
7,MARIA,MILLER,MARIA.MILLER@sakilacustomer.org,1,"2006-02-14 22:04:36"
8,SUSAN,WILSON,SUSAN.WILSON@sakilacustomer.org,1,"2006-02-14 22:04:36"
9,MARGARET,MOORE,MARGARET.MOORE@sakilacustomer.org,1,"2006-02-14 22:04:36"
10,DOROTHY,TAYLOR,DOROTHY.TAYLOR@sakilacustomer.org,1,"2006-02-14 22:04:36"
11,LISA,ANDERSON,LISA.ANDERSON@sakilacustomer.org,1,"2006-02-14 22:04:36"
12,NANCY,THOMAS,NANCY.THOMAS@sakilacustomer.org,1,"2006-02-14 22:04:36"
13,KAREN,JACKSON,KAREN.JACKSON@sakilacustomer.org,1,"2006-02-14 22:04:36"
14,BETTY,WHITE,BETTY.WHITE@sakilacustomer.org,1,"2006-02-14 22:04:36"
15,HELEN,HARRIS,HELEN.HARRIS@sakilacustomer.org,1,"2006-02-14 22:04:36"
16,SANDRA,MARTIN,SANDRA.MARTIN@sakilacustomer.org,0,"2006-02-14 22:04:36"
17,DONNA,THOMPSON,DONNA.THOMPSON@sakilacustomer.org,1,"2006-02-14 22:04:36"
18,CAROL,GARCIA,CAROL.GARCIA@sakilacustomer.org,1,"2006-02-14 22:04:36"
19,RUTH,MARTINEZ,RUTH.MARTINEZ@sakilacustomer.org,1,"2006-02-14 22:04:36"
20,SHARON,ROBINSON,SHARON.ROBINSON@sakilacustomer.org,1,"2006-02-14 22:04:36"
21,MICHELLE,CLARK,MICHELLE.CLARK@sakilacustomer.org,1,"2006-02-14 22:04:36"
22,LAURA,RODRIGUEZ,LAURA.RODRIGUEZ@sakilacustomer.org,1,"2006-02-14 22:04:36"
23,SARAH,LEWIS,SARAH.LEWIS@sakilacustomer.org,1,"2006-02-14 22:04:36"
24,KIMBERLY,LEE,KIMBERLY.LEE@sakilacustomer.org,1,"2006-02-14 22:04:36"
25,DEBORAH,WALKER,DEBORAH.WALKER@sakilacustomer.org,1,"2006-02-14 22:04:36"
26,JESSICA,HALL,JESSICA.HALL@sakilacustomer.org,1,"2006-02-14 22:04:36"
27,SHIRLEY,ALLEN,SHIRLEY.ALLEN@sakilacustomer.org,1,"2006-02-14 22:04:36"
28,CYNTHIA,YOUNG,CYNTHIA.YOUNG@sakilacustomer.org,1,"2006-02-14 22:04:36"
29,ANGELA,HERNANDEZ,ANGELA.HERNANDEZ@sakilacustomer.org,1,"2006-02-14 22:04:36"
30,MELISSA,KING,MELISSA.KING@sakilacustomer.org,1,"2006-02-14 22:04:36"
31,BRENDA,WRIGHT,BRENDA.WRIGHT@sakilacustomer.org,1,"2006-02-14 22:04:36"
32,AMY,LOPEZ,AMY.LOPEZ@sakilacustomer.org,1,"2006-02-14 22:04:36"
33,ANNA,HILL,ANNA.HILL@sakilacustomer.org,1,"2006-02-14 22:04:36"
34,REBECCA,SCOTT,REBECCA.SCOTT@sakilacustomer.org,1,"2006-02-14 22:04:36"
35,VIRGINIA,GREEN,VIRGINIA.GREEN@sakilacustomer.org,1,"2006-02-14 22:04:36"
36,KATHLEEN,ADAMS,KATHLEEN.ADAMS@sakilacustomer.org,1,"2006-02-14 22:04:36"
37,PAMELA,BAKER,PAMELA.BAKER@sakilacustomer.org,1,"2006-02-14 22:04:36"
38,MARTHA,GONZALEZ,MARTHA.GONZALEZ@sakilacustomer.org,1,"2006-02-14 22:04:36"
39,DEBRA,NELSON,DEBRA.NELSON@sakilacustomer.org,1,"2006-02-14 22:04:36"
40,AMANDA,CARTER,AMANDA.CARTER@sakilacustomer.org,1,"2006-02-14 22:04:36"
41,STEPHANIE,MITCHELL,STEPHANIE.MITCHELL@sakilacustomer.org,1,"2006-02-14 22:04:36"
42,CAROLYN,PEREZ,CAROLYN.PEREZ@sakilacustomer.org,1,"2006-02-14 22:04:36"
43,CHRISTINE,ROBERTS,CHRISTINE.ROBERTS@sakilacustomer.org,1,"2006-02-14 22:04:36"
44,MARIE,TURNER,MARIE.TURNER@sakilacustomer.org,1,"2006-02-14 22:04:36"
45,JANET,PHILLIPS,JANET.PHILLIPS@sakilacustomer.org,1,"2006-02-14 22:04:36"
46,CATHERINE,CAMPBELL,CATHERINE.CAMPBELL@sakilacustomer.org,1,"2006-02-14 22:04:36"
47,FRANCES,PARKER,FRANCES.PARKER@sakilacustomer.org,1,"2006-02-14 22:04:36"
48,ANN,EVANS,ANN.EVANS@sakilacustomer.org,1,"2006-02-14 22:04:36"
49,JOYCE,EDWARDS,JOYCE.EDWARDS@sakilacustomer.org,1,"2006-02-14 22:04:36"
50,DIANE,COLLINS,DIANE.COLLINS@sakilacustomer.org,1,"2006-02-14 22:04:36"
51,ALICE,STEWART,ALICE.STEWART@sakilacustomer.org,1,"2006-02-14 22:04:36"
52,JULIE,SANCHEZ,JULIE.SANCHEZ@sakilacustomer.org,1,"2006-02-14 22:04:36"
53,HEATHER,MORRIS,HEATHER.MORRIS@sakilacustomer.org,1,"2006-02-14 22:04:36"
54,TERESA,ROGERS,TERESA.ROGERS@sakilacustomer.org,1,"2006-02-14 22:04:36"
55,DORIS,REED,DORIS.REED@sakilacustomer.org,1,"2006-02-14 22:04:36"
56,GLORIA,COOK,GLORIA.COOK@sakilacustomer.org,1,"2006-02-14 22:04:36"
57,EVELYN,MORGAN,EVELYN.MORGAN@sakilacustomer.org,1,"2006-02-14 22:04:36"
58,JEAN,BELL,JEAN.BELL@sakilacustomer.org,1,"2006-02-14 22:04:36"
59,CHERYL,MURPHY,CHERYL.MURPHY@sakilacustomer.org,1,"2006-02-14 22:04:36"
60,MILDRED,BAILEY,MILDRED.BAILEY@sakilacustomer.org,1,"2006-02-14 22:04:36"
61,KATHERINE,RIVERA,KATHERINE.RIVERA@sakilacustomer.org,1,"2006-02-14 22:04:36"
62,JOAN,COOPER,JOAN.COOPER@sakilacustomer.org,1,"2006-02-14 22:04:36"
63,ASHLEY,RICHARDSON,ASHLEY.RICHARDSON@sakilacustomer.org,1,"2006-02-14 22:04:36"
64,JUDITH,COX,JUDITH.COX@sakilacustomer.org,0,"2006-02-14 22:04:36"
65,ROSE,HOWARD,ROSE.HOWARD@sakilacustomer.org,1,"2006-02-14 22:04:36"
66,JANICE,WARD,JANICE.WARD@sakilacustomer.org,1,"2006-02-14 22:04:36"
67,KELLY,TORRES,KELLY.TORRES@sakilacustomer.org,1,"2006-02-14 22:04:36"
68,NICOLE,PETERSON,NICOLE.PETERSON@sakilacustomer.org,1,"2006-02-14 22:04:36"
69,JUDY,GRAY,JUDY.GRAY@sakilacustomer.org,1,"2006-02-14 22:04:36"
70,CHRISTINA,RAMIREZ,CHRISTINA.RAMIREZ@sakilacustomer.org,1,"2006-02-14 22:04:36"
71,KATHY,JAMES,KATHY.JAMES@sakilacustomer.org,1,"2006-02-14 22:04:36"
72,THERESA,WATSON,THERESA.WATSON@sakilacustomer.org,1,"2006-02-14 22:04:36"
73,BEVERLY,BROOKS,BEVERLY.BROOKS@sakilacustomer.org,1,"2006-02-14 22:04:36"
74,DENISE,KELLY,DENISE.KELLY@sakilacustomer.org,1,"2006-02-14 22:04:36"
75,TAMMY,SANDERS,TAMMY.SANDERS@sakilacustomer.org,1,"2006-02-14 22:04:36"
76,IRENE,PRICE,IRENE.PRICE@sakilacustomer.org,1,"2006-02-14 22:04:36"
77,JANE,BENNETT,JANE.BENNETT@sakilacustomer.org,1,"2006-02-14 22:04:36"
78,LORI,WOOD,LORI.WOOD@sakilacustomer.org,1,"2006-02-14 22:04:36"
79,RACHEL,BARNES,RACHEL.BARNES@sakilacustomer.org,1,"2006-02-14 22:04:36"
80,MARILYN,ROSS,MARILYN.ROSS@sakilacustomer.org,1,"2006-02-14 22:04:36"
81,ANDREA,HENDERSON,ANDREA.HENDERSON@sakilacustomer.org,1,"2006-02-14 22:04:36"
82,KATHRYN,COLEMAN,KATHRYN.COLEMAN@sakilacustomer.org,1,"2006-02-14 22:04:36"
83,LOUISE,JENKINS,LOUISE.JENKINS@sakilacustomer.org,1,"2006-02-14 22:04:36"
84,SARA,PERRY,SARA.PERRY@sakilacustomer.org,1,"2006-02-14 22:04:36"
85,ANNE,POWELL,ANNE.POWELL@sakilacustomer.org,1,"2006-02-14 22:04:36"
86,JACQUELINE,LONG,JACQUELINE.LONG@sakilacustomer.org,1,"2006-02-14 22:04:36"
87,WANDA,PATTERSON,WANDA.PATTERSON@sakilacustomer.org,1,"2006-02-14 22:04:36"
88,BONNIE,HUGHES,BONNIE.HUGHES@sakilacustomer.org,1,"2006-02-14 22:04:36"
89,JULIA,FLORES,JULIA.FLORES@sakilacustomer.org,1,"2006-02-14 22:04:36"
90,RUBY,WASHINGTON,RUBY.WASHINGTON@sakilacustomer.org,1,"2006-02-14 22:04:36"
91,LOIS,BUTLER,LOIS.BUTLER@sakilacustomer.org,1,"2006-02-14 22:04:36"
92,TINA,SIMMONS,TINA.SIMMONS@sakilacustomer.org,1,"2006-02-14 22:04:36"
93,PHYLLIS,FOSTER,PHYLLIS.FOSTER@sakilacustomer.org,1,"2006-02-14 22:04:36"
94,NORMA,GONZALES,NORMA.GONZALES@sakilacustomer.org,1,"2006-02-14 22:04:36"
95,PAULA,BRYANT,PAULA.BRYANT@sakilacustomer.org,1,"2006-02-14 22:04:36"
96,DIANA,ALEXANDER,DIANA.ALEXANDER@sakilacustomer.org,1,"2006-02-14 22:04:36"
97,ANNIE,RUSSELL,ANNIE.RUSSELL@sakilacustomer.org,1,"2006-02-14 22:04:36"
98,LILLIAN,GRIFFIN,LILLIAN.GRIFFIN@sakilacustomer.org,1,"2006-02-14 22:04:36"
99,EMILY,DIAZ,EMILY.DIAZ@sakilacustomer.org,1,"2006-02-14 22:04:36"
100,ROBIN,HAYES,ROBIN.HAYES@sakilacustomer.org,1,"2006-02-14 22:04:36"
101,PEGGY,MYERS,PEGGY.MYERS@sakilacustomer.org,1,"2006-02-14 22:04:36"
102,CRYSTAL,FORD,CRYSTAL.FORD@sakilacustomer.org,1,"2006-02-14 22:04:36"
103,GLADYS,HAMILTON,GLADYS.HAMILTON@sakilacustomer.org,1,"2006-02-14 22:04:36"
104,RITA,GRAHAM,RITA.GRAHAM@sakilacustomer.org,1,"2006-02-14 22:04:36"
105,DAWN,SULLIVAN,DAWN.SULLIVAN@sakilacustomer.org,1,"2006-02-14 22:04:36"
106,CONNIE,WALLACE,CONNIE.WALLACE@sakilacustomer.org,1,"2006-02-14 22:04:36"
107,FLORENCE,WOODS,FLORENCE.WOODS@sakilacustomer.org,1,"2006-02-14 22:04:36"
108,TRACY,COLE,TRACY.COLE@sakilacustomer.org,1,"2006-02-14 22:04:36"
109,EDNA,WEST,EDNA.WEST@sakilacustomer.org,1,"2006-02-14 22:04:36"
110,TIFFANY,JORDAN,TIFFANY.JORDAN@sakilacustomer.org,1,"2006-02-14 22:04:36"
111,CARMEN,OWENS,CARMEN.OWENS@sakilacustomer.org,1,"2006-02-14 22:04:36"
112,ROSA,REYNOLDS,ROSA.REYNOLDS@sakilacustomer.org,1,"2006-02-14 22:04:36"
113,CINDY,FISHER,CINDY.FISHER@sakilacustomer.org,1,"2006-02-14 22:04:36"
114,GRACE,ELLIS,GRACE.ELLIS@sakilacustomer.org,1,"2006-02-14 22:04:36"
115,WENDY,HARRISON,WENDY.HARRISON@sakilacustomer.org,1,"2006-02-14 22:04:36"
116,VICTORIA,GIBSON,VICTORIA.GIBSON@sakilacustomer.org,1,"2006-02-14 22:04:36"
117,EDITH,MCDONALD,EDITH.MCDONALD@sakilacustomer.org,1,"2006-02-14 22:04:36"
118,KIM,CRUZ,KIM.CRUZ@sakilacustomer.org,1,"2006-02-14 22:04:36"
119,SHERRY,MARSHALL,SHERRY.MARSHALL@sakilacustomer.org,1,"2006-02-14 22:04:36"
120,SYLVIA,ORTIZ,SYLVIA.ORTIZ@sakilacustomer.org,1,"2006-02-14 22:04:36"
121,JOSEPHINE,GOMEZ,JOSEPHINE.GOMEZ@sakilacustomer.org,1,"2006-02-14 22:04:36"
122,THELMA,MURRAY,THELMA.MURRAY@sakilacustomer.org,1,"2006-02-14 22:04:36"
123,SHANNON,FREEMAN,SHANNON.FREEMAN@sakilacustomer.org,1,"2006-02-14 22:04:36"
124,SHEILA,WELLS,SHEILA.WELLS@sakilacustomer.org,0,"2006-02-14 22:04:36"
125,ETHEL,WEBB,ETHEL.WEBB@sakilacustomer.org,1,"2006-02-14 22:04:36"
126,ELLEN,SIMPSON,ELLEN.SIMPSON@sakilacustomer.org,1,"2006-02-14 22:04:36"
127,ELAINE,STEVENS,ELAINE.STEVENS@sakilacustomer.org,1,"2006-02-14 22:04:36"
128,MARJORIE,TUCKER,MARJORIE.TUCKER@sakilacustomer.org,1,"2006-02-14 22:04:36"
129,CARRIE,PORTER,CARRIE.PORTER@sakilacustomer.org,1,"2006-02-14 22:04:36"
130,CHARLOTTE,HUNTER,CHARLOTTE.HUNTER@sakilacustomer.org,1,"2006-02-14 22:04:36"
131,MONICA,HICKS,MONICA.HICKS@sakilacustomer.org,1,"2006-02-14 22:04:36"
132,ESTHER,CRAWFORD,ESTHER.CRAWFORD@sakilacustomer.org,1,"2006-02-14 22:04:36"
133,PAULINE,HENRY,PAULINE.HENRY@sakilacustomer.org,1,"2006-02-14 22:04:36"
134,EMMA,BOYD,EMMA.BOYD@sakilacustomer.org,1,"2006-02-14 22:04:36"
135,JUANITA,MASON,JUANITA.MASON@sakilacustomer.org,1,"2006-02-14 22:04:36"
136,ANITA,MORALES,ANITA.MORALES@sakilacustomer.org,1,"2006-02-14 22:04:36"
137,RHONDA,KENNEDY,RHONDA.KENNEDY@sakilacustomer.org,1,"2006-02-14 22:04:36"
138,HAZEL,WARREN,HAZEL.WARREN@sakilacustomer.org,1,"2006-02-14 22:04:36"
139,AMBER,DIXON,AMBER.DIXON@sakilacustomer.org,1,"2006-02-14 22:04:36"
140,EVA,RAMOS,EVA.RAMOS@sakilacustomer.org,1,"2006-02-14 22:04:36"
141,DEBBIE,REYES,DEBBIE.REYES@sakilacustomer.org,1,"2006-02-14 22:04:36"
142,APRIL,BURNS,APRIL.BURNS@sakilacustomer.org,1,"2006-02-14 22:04:36"
143,LESLIE,GORDON,LESLIE.GORDON@sakilacustomer.org,1,"2006-02-14 22:04:36"
144,CLARA,SHAW,CLARA.SHAW@sakilacustomer.org,1,"2006-02-14 22:04:36"
145,LUCILLE,HOLMES,LUCILLE.HOLMES@sakilacustomer.org,1,"2006-02-14 22:04:36"
146,JAMIE,RICE,JAMIE.RICE@sakilacustomer.org,1,"2006-02-14 22:04:36"
147,JOANNE,ROBERTSON,JOANNE.ROBERTSON@sakilacustomer.org,1,"2006-02-14 22:04:36"
148,ELEANOR,HUNT,ELEANOR.HUNT@sakilacustomer.org,1,"2006-02-14 22:04:36"
149,VALERIE,BLACK,VALERIE.BLACK@sakilacustomer.org,1,"2006-02-14 22:04:36"
150,DANIELLE,DANIELS,DANIELLE.DANIELS@sakilacustomer.org,1,"2006-02-14 22:04:36"
151,MEGAN,PALMER,MEGAN.PALMER@sakilacustomer.org,1,"2006-02-14 22:04:36"
152,ALICIA,MILLS,ALICIA.MILLS@sakilacustomer.org,1,"2006-02-14 22:04:36"
153,SUZANNE,NICHOLS,SUZANNE.NICHOLS@sakilacustomer.org,1,"2006-02-14 22:04:36"
154,MICHELE,GRANT,MICHELE.GRANT@sakilacustomer.org,1,"2006-02-14 22:04:36"
155,GAIL,KNIGHT,GAIL.KNIGHT@sakilacustomer.org,1,"2006-02-14 22:04:36"
156,BERTHA,FERGUSON,BERTHA.FERGUSON@sakilacustomer.org,1,"2006-02-14 22:04:36"
157,DARLENE,ROSE,DARLENE.ROSE@sakilacustomer.org,1,"2006-02-14 22:04:36"
158,VERONICA,STONE,VERONICA.STONE@sakilacustomer.org,1,"2006-02-14 22:04:36"
159,JILL,HAWKINS,JILL.HAWKINS@sakilacustomer.org,1,"2006-02-14 22:04:36"
160,ERIN,DUNN,ERIN.DUNN@sakilacustomer.org,1,"2006-02-14 22:04:36"
161,GERALDINE,PERKINS,GERALDINE.PERKINS@sakilacustomer.org,1,"2006-02-14 22:04:36"
162,LAUREN,HUDSON,LAUREN.HUDSON@sakilacustomer.org,1,"2006-02-14 22:04:36"
163,CATHY,SPENCER,CATHY.SPENCER@sakilacustomer.org,1,"2006-02-14 22:04:36"
164,JOANN,GARDNER,JOANN.GARDNER@sakilacustomer.org,1,"2006-02-14 22:04:36"
165,LORRAINE,STEPHENS,LORRAINE.STEPHENS@sakilacustomer.org,1,"2006-02-14 22:04:36"
166,LYNN,PAYNE,LYNN.PAYNE@sakilacustomer.org,1,"2006-02-14 22:04:36"
167,SALLY,PIERCE,SALLY.PIERCE@sakilacustomer.org,1,"2006-02-14 22:04:36"
168,REGINA,BERRY,REGINA.BERRY@sakilacustomer.org,1,"2006-02-14 22:04:36"
169,ERICA,MATTHEWS,ERICA.MATTHEWS@sakilacustomer.org,0,"2006-02-14 22:04:36"
170,BEATRICE,ARNOLD,BEATRICE.ARNOLD@sakilacustomer.org,1,"2006-02-14 22:04:36"
171,DOLORES,WAGNER,DOLORES.WAGNER@sakilacustomer.org,1,"2006-02-14 22:04:36"
172,BERNICE,WILLIS,BERNICE.WILLIS@sakilacustomer.org,1,"2006-02-14 22:04:36"
173,AUDREY,RAY,AUDREY.RAY@sakilacustomer.org,1,"2006-02-14 22:04:36"
174,YVONNE,WATKINS,YVONNE.WATKINS@sakilacustomer.org,1,"2006-02-14 22:04:36"
175,ANNETTE,OLSON,ANNETTE.OLSON@sakilacustomer.org,1,"2006-02-14 22:04:36"
176,JUNE,CARROLL,JUNE.CARROLL@sakilacustomer.org,1,"2006-02-14 22:04:36"
177,SAMANTHA,DUNCAN,SAMANTHA.DUNCAN@sakilacustomer.org,1,"2006-02-14 22:04:36"
178,MARION,SNYDER,MARION.SNYDER@sakilacustomer.org,1,"2006-02-14 22:04:36"
179,DANA,HART,DANA.HART@sakilacustomer.org,1,"2006-02-14 22:04:36"
180,STACY,CUNNINGHAM,STACY.CUNNINGHAM@sakilacustomer.org,1,"2006-02-14 22:04:36"
181,ANA,BRADLEY,ANA.BRADLEY@sakilacustomer.org,1,"2006-02-14 22:04:36"
182,RENEE,LANE,RENEE.LANE@sakilacustomer.org,1,"2006-02-14 22:04:36"
183,IDA,ANDREWS,IDA.ANDREWS@sakilacustomer.org,1,"2006-02-14 22:04:36"
184,VIVIAN,RUIZ,VIVIAN.RUIZ@sakilacustomer.org,1,"2006-02-14 22:04:36"
185,ROBERTA,HARPER,ROBERTA.HARPER@sakilacustomer.org,1,"2006-02-14 22:04:36"
186,HOLLY,FOX,HOLLY.FOX@sakilacustomer.org,1,"2006-02-14 22:04:36"
187,BRITTANY,RILEY,BRITTANY.RILEY@sakilacustomer.org,1,"2006-02-14 22:04:36"
188,MELANIE,ARMSTRONG,MELANIE.ARMSTRONG@sakilacustomer.org,1,"2006-02-14 22:04:36"
189,LORETTA,CARPENTER,LORETTA.CARPENTER@sakilacustomer.org,1,"2006-02-14 22:04:36"
190,YOLANDA,WEAVER,YOLANDA.WEAVER@sakilacustomer.org,1,"2006-02-14 22:04:36"
191,JEANETTE,GREENE,JEANETTE.GREENE@sakilacustomer.org,1,"2006-02-14 22:04:36"
192,LAURIE,LAWRENCE,LAURIE.LAWRENCE@sakilacustomer.org,1,"2006-02-14 22:04:36"
193,KATIE,ELLIOTT,KATIE.ELLIOTT@sakilacustomer.org,1,"2006-02-14 22:04:36"
194,KRISTEN,CHAVEZ,KRISTEN.CHAVEZ@sakilacustomer.org,1,"2006-02-14 22:04:36"
195,VANESSA,SIMS,VANESSA.SIMS@sakilacustomer.org,1,"2006-02-14 22:04:36"
196,ALMA,AUSTIN,ALMA.AUSTIN@sakilacustomer.org,1,"2006-02-14 22:04:36"
197,SUE,PETERS,SUE.PETERS@sakilacustomer.org,1,"2006-02-14 22:04:36"
198,ELSIE,KELLEY,ELSIE.KELLEY@sakilacustomer.org,1,"2006-02-14 22:04:36"
199,BETH,FRANKLIN,BETH.FRANKLIN@sakilacustomer.org,1,"2006-02-14 22:04:36"
200,JEANNE,LAWSON,JEANNE.LAWSON@sakilacustomer.org,1,"2006-02-14 22:04:36"
201,VICKI,FIELDS,VICKI.FIELDS@sakilacustomer.org,1,"2006-02-14 22:04:36"
202,CARLA,GUTIERREZ,CARLA.GUTIERREZ@sakilacustomer.org,1,"2006-02-14 22:04:36"
203,TARA,RYAN,TARA.RYAN@sakilacustomer.org,1,"2006-02-14 22:04:36"
204,ROSEMARY,SCHMIDT,ROSEMARY.SCHMIDT@sakilacustomer.org,1,"2006-02-14 22:04:36"
205,EILEEN,CARR,EILEEN.CARR@sakilacustomer.org,1,"2006-02-14 22:04:36"
206,TERRI,VASQUEZ,TERRI.VASQUEZ@sakilacustomer.org,1,"2006-02-14 22:04:36"
207,GERTRUDE,CASTILLO,GERTRUDE.CASTILLO@sakilacustomer.org,1,"2006-02-14 22:04:36"
208,LUCY,WHEELER,LUCY.WHEELER@sakilacustomer.org,1,"2006-02-14 22:04:36"
209,TONYA,CHAPMAN,TONYA.CHAPMAN@sakilacustomer.org,1,"2006-02-14 22:04:36"
210,ELLA,OLIVER,ELLA.OLIVER@sakilacustomer.org,1,"2006-02-14 22:04:36"
211,STACEY,MONTGOMERY,STACEY.MONTGOMERY@sakilacustomer.org,1,"2006-02-14 22:04:36"
212,WILMA,RICHARDS,WILMA.RICHARDS@sakilacustomer.org,1,"2006-02-14 22:04:36"
213,GINA,WILLIAMSON,GINA.WILLIAMSON@sakilacustomer.org,1,"2006-02-14 22:04:36"
214,KRISTIN,JOHNSTON,KRISTIN.JOHNSTON@sakilacustomer.org,1,"2006-02-14 22:04:36"
215,JESSIE,BANKS,JESSIE.BANKS@sakilacustomer.org,1,"2006-02-14 22:04:36"
216,NATALIE,MEYER,NATALIE.MEYER@sakilacustomer.org,1,"2006-02-14 22:04:36"
217,AGNES,BISHOP,AGNES.BISHOP@sakilacustomer.org,1,"2006-02-14 22:04:36"
218,VERA,MCCOY,VERA.MCCOY@sakilacustomer.org,1,"2006-02-14 22:04:36"
219,WILLIE,HOWELL,WILLIE.HOWELL@sakilacustomer.org,1,"2006-02-14 22:04:36"
220,CHARLENE,ALVAREZ,CHARLENE.ALVAREZ@sakilacustomer.org,1,"2006-02-14 22:04:36"
221,BESSIE,MORRISON,BESSIE.MORRISON@sakilacustomer.org,1,"2006-02-14 22:04:36"
222,DELORES,HANSEN,DELORES.HANSEN@sakilacustomer.org,1,"2006-02-14 22:04:36"
223,MELINDA,FERNANDEZ,MELINDA.FERNANDEZ@sakilacustomer.org,1,"2006-02-14 22:04:36"
224,PEARL,GARZA,PEARL.GARZA@sakilacustomer.org,1,"2006-02-14 22:04:36"
225,ARLENE,HARVEY,ARLENE.HARVEY@sakilacustomer.org,1,"2006-02-14 22:04:36"
226,MAUREEN,LITTLE,MAUREEN.LITTLE@sakilacustomer.org,1,"2006-02-14 22:04:36"
227,COLLEEN,BURTON,COLLEEN.BURTON@sakilacustomer.org,1,"2006-02-14 22:04:36"
228,ALLISON,STANLEY,ALLISON.STANLEY@sakilacustomer.org,1,"2006-02-14 22:04:36"
229,TAMARA,NGUYEN,TAMARA.NGUYEN@sakilacustomer.org,1,"2006-02-14 22:04:36"
230,JOY,GEORGE,JOY.GEORGE@sakilacustomer.org,1,"2006-02-14 22:04:36"
231,GEORGIA,JACOBS,GEORGIA.JACOBS@sakilacustomer.org,1,"2006-02-14 22:04:36"
232,CONSTANCE,REID,CONSTANCE.REID@sakilacustomer.org,1,"2006-02-14 22:04:36"
233,LILLIE,KIM,LILLIE.KIM@sakilacustomer.org,1,"2006-02-14 22:04:36"
234,CLAUDIA,FULLER,CLAUDIA.FULLER@sakilacustomer.org,1,"2006-02-14 22:04:36"
235,JACKIE,LYNCH,JACKIE.LYNCH@sakilacustomer.org,1,"2006-02-14 22:04:36"
236,MARCIA,DEAN,MARCIA.DEAN@sakilacustomer.org,1,"2006-02-14 22:04:36"
237,TANYA,GILBERT,TANYA.GILBERT@sakilacustomer.org,1,"2006-02-14 22:04:36"
238,NELLIE,GARRETT,NELLIE.GARRETT@sakilacustomer.org,1,"2006-02-14 22:04:36"
239,MINNIE,ROMERO,MINNIE.ROMERO@sakilacustomer.org,1,"2006-02-14 22:04:36"
240,MARLENE,WELCH,MARLENE.WELCH@sakilacustomer.org,1,"2006-02-14 22:04:36"
241,HEIDI,LARSON,HEIDI.LARSON@sakilacustomer.org,0,"2006-02-14 22:04:36"
242,GLENDA,FRAZIER,GLENDA.FRAZIER@sakilacustomer.org,1,"2006-02-14 22:04:36"
243,LYDIA,BURKE,LYDIA.BURKE@sakilacustomer.org,1,"2006-02-14 22:04:36"
244,VIOLA,HANSON,VIOLA.HANSON@sakilacustomer.org,1,"2006-02-14 22:04:36"
245,COURTNEY,DAY,COURTNEY.DAY@sakilacustomer.org,1,"2006-02-14 22:04:36"
246,MARIAN,MENDOZA,MARIAN.MENDOZA@sakilacustomer.org,1,"2006-02-14 22:04:36"
247,STELLA,MORENO,STELLA.MORENO@sakilacustomer.org,1,"2006-02-14 22:04:36"
248,CAROLINE,BOWMAN,CAROLINE.BOWMAN@sakilacustomer.org,1,"2006-02-14 22:04:36"
249,DORA,MEDINA,DORA.MEDINA@sakilacustomer.org,1,"2006-02-14 22:04:36"
250,JO,FOWLER,JO.FOWLER@sakilacustomer.org,1,"2006-02-14 22:04:36"
251,VICKIE,BREWER,VICKIE.BREWER@sakilacustomer.org,1,"2006-02-14 22:04:36"
252,MATTIE,HOFFMAN,MATTIE.HOFFMAN@sakilacustomer.org,1,"2006-02-14 22:04:36"
253,TERRY,CARLSON,TERRY.CARLSON@sakilacustomer.org,1,"2006-02-14 22:04:36"
254,MAXINE,SILVA,MAXINE.SILVA@sakilacustomer.org,1,"2006-02-14 22:04:36"
255,IRMA,PEARSON,IRMA.PEARSON@sakilacustomer.org,1,"2006-02-14 22:04:36"
256,MABEL,HOLLAND,MABEL.HOLLAND@sakilacustomer.org,1,"2006-02-14 22:04:36"
257,MARSHA,DOUGLAS,MARSHA.DOUGLAS@sakilacustomer.org,1,"2006-02-14 22:04:36"
258,MYRTLE,FLEMING,MYRTLE.FLEMING@sakilacustomer.org,1,"2006-02-14 22:04:36"
259,LENA,JENSEN,LENA.JENSEN@sakilacustomer.org,1,"2006-02-14 22:04:36"
260,CHRISTY,VARGAS,CHRISTY.VARGAS@sakilacustomer.org,1,"2006-02-14 22:04:36"
261,DEANNA,BYRD,DEANNA.BYRD@sakilacustomer.org,1,"2006-02-14 22:04:36"
262,PATSY,DAVIDSON,PATSY.DAVIDSON@sakilacustomer.org,1,"2006-02-14 22:04:36"
263,HILDA,HOPKINS,HILDA.HOPKINS@sakilacustomer.org,1,"2006-02-14 22:04:36"
264,GWENDOLYN,MAY,GWENDOLYN.MAY@sakilacustomer.org,1,"2006-02-14 22:04:36"
265,JENNIE,TERRY,JENNIE.TERRY@sakilacustomer.org,1,"2006-02-14 22:04:36"
266,NORA,HERRERA,NORA.HERRERA@sakilacustomer.org,1,"2006-02-14 22:04:36"
267,MARGIE,WADE,MARGIE.WADE@sakilacustomer.org,1,"2006-02-14 22:04:36"
268,NINA,SOTO,NINA.SOTO@sakilacustomer.org,1,"2006-02-14 22:04:36"
269,CASSANDRA,WALTERS,CASSANDRA.WALTERS@sakilacustomer.org,1,"2006-02-14 22:04:36"
270,LEAH,CURTIS,LEAH.CURTIS@sakilacustomer.org,1,"2006-02-14 22:04:36"
271,PENNY,NEAL,PENNY.NEAL@sakilacustomer.org,0,"2006-02-14 22:04:36"
272,KAY,CALDWELL,KAY.CALDWELL@sakilacustomer.org,1,"2006-02-14 22:04:37"
273,PRISCILLA,LOWE,PRISCILLA.LOWE@sakilacustomer.org,1,"2006-02-14 22:04:37"
274,NAOMI,JENNINGS,NAOMI.JENNINGS@sakilacustomer.org,1,"2006-02-14 22:04:37"
275,CAROLE,BARNETT,CAROLE.BARNETT@sakilacustomer.org,1,"2006-02-14 22:04:37"
276,BRANDY,GRAVES,BRANDY.GRAVES@sakilacustomer.org,1,"2006-02-14 22:04:37"
277,OLGA,JIMENEZ,OLGA.JIMENEZ@sakilacustomer.org,1,"2006-02-14 22:04:37"
278,BILLIE,HORTON,BILLIE.HORTON@sakilacustomer.org,1,"2006-02-14 22:04:37"
279,DIANNE,SHELTON,DIANNE.SHELTON@sakilacustomer.org,1,"2006-02-14 22:04:37"
280,TRACEY,BARRETT,TRACEY.BARRETT@sakilacustomer.org,1,"2006-02-14 22:04:37"
281,LEONA,OBRIEN,LEONA.OBRIEN@sakilacustomer.org,1,"2006-02-14 22:04:37"
282,JENNY,CASTRO,JENNY.CASTRO@sakilacustomer.org,1,"2006-02-14 22:04:37"
283,FELICIA,SUTTON,FELICIA.SUTTON@sakilacustomer.org,1,"2006-02-14 22:04:37"
284,SONIA,GREGORY,SONIA.GREGORY@sakilacustomer.org,1,"2006-02-14 22:04:37"
285,MIRIAM,MCKINNEY,MIRIAM.MCKINNEY@sakilacustomer.org,1,"2006-02-14 22:04:37"
286,VELMA,LUCAS,VELMA.LUCAS@sakilacustomer.org,1,"2006-02-14 22:04:37"
287,BECKY,MILES,BECKY.MILES@sakilacustomer.org,1,"2006-02-14 22:04:37"
288,BOBBIE,CRAIG,BOBBIE.CRAIG@sakilacustomer.org,1,"2006-02-14 22:04:37"
289,VIOLET,RODRIQUEZ,VIOLET.RODRIQUEZ@sakilacustomer.org,1,"2006-02-14 22:04:37"
290,KRISTINA,CHAMBERS,KRISTINA.CHAMBERS@sakilacustomer.org,1,"2006-02-14 22:04:37"
291,TONI,HOLT,TONI.HOLT@sakilacustomer.org,1,"2006-02-14 22:04:37"
292,MISTY,LAMBERT,MISTY.LAMBERT@sakilacustomer.org,1,"2006-02-14 22:04:37"
293,MAE,FLETCHER,MAE.FLETCHER@sakilacustomer.org,1,"2006-02-14 22:04:37"
294,SHELLY,WATTS,SHELLY.WATTS@sakilacustomer.org,1,"2006-02-14 22:04:37"
295,DAISY,BATES,DAISY.BATES@sakilacustomer.org,1,"2006-02-14 22:04:37"
296,RAMONA,HALE,RAMONA.HALE@sakilacustomer.org,1,"2006-02-14 22:04:37"
297,SHERRI,RHODES,SHERRI.RHODES@sakilacustomer.org,1,"2006-02-14 22:04:37"
298,ERIKA,PENA,ERIKA.PENA@sakilacustomer.org,1,"2006-02-14 22:04:37"
299,JAMES,GANNON,JAMES.GANNON@sakilacustomer.org,1,"2006-02-14 22:04:37"
300,JOHN,FARNSWORTH,JOHN.FARNSWORTH@sakilacustomer.org,1,"2006-02-14 22:04:37"
301,ROBERT,BAUGHMAN,ROBERT.BAUGHMAN@sakilacustomer.org,1,"2006-02-14 22:04:37"
302,MICHAEL,SILVERMAN,MICHAEL.SILVERMAN@sakilacustomer.org,1,"2006-02-14 22:04:37"
303,WILLIAM,SATTERFIELD,WILLIAM.SATTERFIELD@sakilacustomer.org,1,"2006-02-14 22:04:37"
304,DAVID,ROYAL,DAVID.ROYAL@sakilacustomer.org,1,"2006-02-14 22:04:37"
305,RICHARD,MCCRARY,RICHARD.MCCRARY@sakilacustomer.org,1,"2006-02-14 22:04:37"
306,CHARLES,KOWALSKI,CHARLES.KOWALSKI@sakilacustomer.org,1,"2006-02-14 22:04:37"
307,JOSEPH,JOY,JOSEPH.JOY@sakilacustomer.org,1,"2006-02-14 22:04:37"
308,THOMAS,GRIGSBY,THOMAS.GRIGSBY@sakilacustomer.org,1,"2006-02-14 22:04:37"
309,CHRISTOPHER,GRECO,CHRISTOPHER.GRECO@sakilacustomer.org,1,"2006-02-14 22:04:37"
310,DANIEL,CABRAL,DANIEL.CABRAL@sakilacustomer.org,1,"2006-02-14 22:04:37"
311,PAUL,TROUT,PAUL.TROUT@sakilacustomer.org,1,"2006-02-14 22:04:37"
312,MARK,RINEHART,MARK.RINEHART@sakilacustomer.org,1,"2006-02-14 22:04:37"
313,DONALD,MAHON,DONALD.MAHON@sakilacustomer.org,1,"2006-02-14 22:04:37"
314,GEORGE,LINTON,GEORGE.LINTON@sakilacustomer.org,1,"2006-02-14 22:04:37"
315,KENNETH,GOODEN,KENNETH.GOODEN@sakilacustomer.org,0,"2006-02-14 22:04:37"
316,STEVEN,CURLEY,STEVEN.CURLEY@sakilacustomer.org,1,"2006-02-14 22:04:37"
317,EDWARD,BAUGH,EDWARD.BAUGH@sakilacustomer.org,1,"2006-02-14 22:04:37"
318,BRIAN,WYMAN,BRIAN.WYMAN@sakilacustomer.org,1,"2006-02-14 22:04:37"
319,RONALD,WEINER,RONALD.WEINER@sakilacustomer.org,1,"2006-02-14 22:04:37"
320,ANTHONY,SCHWAB,ANTHONY.SCHWAB@sakilacustomer.org,1,"2006-02-14 22:04:37"
321,KEVIN,SCHULER,KEVIN.SCHULER@sakilacustomer.org,1,"2006-02-14 22:04:37"
322,JASON,MORRISSEY,JASON.MORRISSEY@sakilacustomer.org,1,"2006-02-14 22:04:37"
323,MATTHEW,MAHAN,MATTHEW.MAHAN@sakilacustomer.org,1,"2006-02-14 22:04:37"
324,GARY,COY,GARY.COY@sakilacustomer.org,1,"2006-02-14 22:04:37"
325,TIMOTHY,BUNN,TIMOTHY.BUNN@sakilacustomer.org,1,"2006-02-14 22:04:37"
326,JOSE,ANDREW,JOSE.ANDREW@sakilacustomer.org,1,"2006-02-14 22:04:37"
327,LARRY,THRASHER,LARRY.THRASHER@sakilacustomer.org,1,"2006-02-14 22:04:37"
328,JEFFREY,SPEAR,JEFFREY.SPEAR@sakilacustomer.org,1,"2006-02-14 22:04:37"
329,FRANK,WAGGONER,FRANK.WAGGONER@sakilacustomer.org,1,"2006-02-14 22:04:37"
330,SCOTT,SHELLEY,SCOTT.SHELLEY@sakilacustomer.org,1,"2006-02-14 22:04:37"
331,ERIC,ROBERT,ERIC.ROBERT@sakilacustomer.org,1,"2006-02-14 22:04:37"
332,STEPHEN,QUALLS,STEPHEN.QUALLS@sakilacustomer.org,1,"2006-02-14 22:04:37"
333,ANDREW,PURDY,ANDREW.PURDY@sakilacustomer.org,1,"2006-02-14 22:04:37"
334,RAYMOND,MCWHORTER,RAYMOND.MCWHORTER@sakilacustomer.org,1,"2006-02-14 22:04:37"
335,GREGORY,MAULDIN,GREGORY.MAULDIN@sakilacustomer.org,1,"2006-02-14 22:04:37"
336,JOSHUA,MARK,JOSHUA.MARK@sakilacustomer.org,1,"2006-02-14 22:04:37"
337,JERRY,JORDON,JERRY.JORDON@sakilacustomer.org,1,"2006-02-14 22:04:37"
338,DENNIS,GILMAN,DENNIS.GILMAN@sakilacustomer.org,1,"2006-02-14 22:04:37"
339,WALTER,PERRYMAN,WALTER.PERRYMAN@sakilacustomer.org,1,"2006-02-14 22:04:37"
340,PATRICK,NEWSOM,PATRICK.NEWSOM@sakilacustomer.org,1,"2006-02-14 22:04:37"
341,PETER,MENARD,PETER.MENARD@sakilacustomer.org,1,"2006-02-14 22:04:37"
342,HAROLD,MARTINO,HAROLD.MARTINO@sakilacustomer.org,1,"2006-02-14 22:04:37"
343,DOUGLAS,GRAF,DOUGLAS.GRAF@sakilacustomer.org,1,"2006-02-14 22:04:37"
344,HENRY,BILLINGSLEY,HENRY.BILLINGSLEY@sakilacustomer.org,1,"2006-02-14 22:04:37"
345,CARL,ARTIS,CARL.ARTIS@sakilacustomer.org,1,"2006-02-14 22:04:37"
346,ARTHUR,SIMPKINS,ARTHUR.SIMPKINS@sakilacustomer.org,1,"2006-02-14 22:04:37"
347,RYAN,SALISBURY,RYAN.SALISBURY@sakilacustomer.org,1,"2006-02-14 22:04:37"
348,ROGER,QUINTANILLA,ROGER.QUINTANILLA@sakilacustomer.org,1,"2006-02-14 22:04:37"
349,JOE,GILLILAND,JOE.GILLILAND@sakilacustomer.org,1,"2006-02-14 22:04:37"
350,JUAN,FRALEY,JUAN.FRALEY@sakilacustomer.org,1,"2006-02-14 22:04:37"
351,JACK,FOUST,JACK.FOUST@sakilacustomer.org,1,"2006-02-14 22:04:37"
352,ALBERT,CROUSE,ALBERT.CROUSE@sakilacustomer.org,1,"2006-02-14 22:04:37"
353,JONATHAN,SCARBOROUGH,JONATHAN.SCARBOROUGH@sakilacustomer.org,1,"2006-02-14 22:04:37"
354,JUSTIN,NGO,JUSTIN.NGO@sakilacustomer.org,1,"2006-02-14 22:04:37"
355,TERRY,GRISSOM,TERRY.GRISSOM@sakilacustomer.org,1,"2006-02-14 22:04:37"
356,GERALD,FULTZ,GERALD.FULTZ@sakilacustomer.org,1,"2006-02-14 22:04:37"
357,KEITH,RICO,KEITH.RICO@sakilacustomer.org,1,"2006-02-14 22:04:37"
358,SAMUEL,MARLOW,SAMUEL.MARLOW@sakilacustomer.org,1,"2006-02-14 22:04:37"
359,WILLIE,MARKHAM,WILLIE.MARKHAM@sakilacustomer.org,1,"2006-02-14 22:04:37"
360,RALPH,MADRIGAL,RALPH.MADRIGAL@sakilacustomer.org,1,"2006-02-14 22:04:37"
361,LAWRENCE,LAWTON,LAWRENCE.LAWTON@sakilacustomer.org,1,"2006-02-14 22:04:37"
362,NICHOLAS,BARFIELD,NICHOLAS.BARFIELD@sakilacustomer.org,1,"2006-02-14 22:04:37"
363,ROY,WHITING,ROY.WHITING@sakilacustomer.org,1,"2006-02-14 22:04:37"
364,BENJAMIN,VARNEY,BENJAMIN.VARNEY@sakilacustomer.org,1,"2006-02-14 22:04:37"
365,BRUCE,SCHWARZ,BRUCE.SCHWARZ@sakilacustomer.org,1,"2006-02-14 22:04:37"
366,BRANDON,HUEY,BRANDON.HUEY@sakilacustomer.org,1,"2006-02-14 22:04:37"
367,ADAM,GOOCH,ADAM.GOOCH@sakilacustomer.org,1,"2006-02-14 22:04:37"
368,HARRY,ARCE,HARRY.ARCE@sakilacustomer.org,0,"2006-02-14 22:04:37"
369,FRED,WHEAT,FRED.WHEAT@sakilacustomer.org,1,"2006-02-14 22:04:37"
370,WAYNE,TRUONG,WAYNE.TRUONG@sakilacustomer.org,1,"2006-02-14 22:04:37"
371,BILLY,POULIN,BILLY.POULIN@sakilacustomer.org,1,"2006-02-14 22:04:37"
372,STEVE,MACKENZIE,STEVE.MACKENZIE@sakilacustomer.org,1,"2006-02-14 22:04:37"
373,LOUIS,LEONE,LOUIS.LEONE@sakilacustomer.org,1,"2006-02-14 22:04:37"
374,JEREMY,HURTADO,JEREMY.HURTADO@sakilacustomer.org,1,"2006-02-14 22:04:37"
375,AARON,SELBY,AARON.SELBY@sakilacustomer.org,1,"2006-02-14 22:04:37"
376,RANDY,GAITHER,RANDY.GAITHER@sakilacustomer.org,1,"2006-02-14 22:04:37"
377,HOWARD,FORTNER,HOWARD.FORTNER@sakilacustomer.org,1,"2006-02-14 22:04:37"
378,EUGENE,CULPEPPER,EUGENE.CULPEPPER@sakilacustomer.org,1,"2006-02-14 22:04:37"
379,CARLOS,COUGHLIN,CARLOS.COUGHLIN@sakilacustomer.org,1,"2006-02-14 22:04:37"
380,RUSSELL,BRINSON,RUSSELL.BRINSON@sakilacustomer.org,1,"2006-02-14 22:04:37"
381,BOBBY,BOUDREAU,BOBBY.BOUDREAU@sakilacustomer.org,1,"2006-02-14 22:04:37"
382,VICTOR,BARKLEY,VICTOR.BARKLEY@sakilacustomer.org,1,"2006-02-14 22:04:37"
383,MARTIN,BALES,MARTIN.BALES@sakilacustomer.org,1,"2006-02-14 22:04:37"
384,ERNEST,STEPP,ERNEST.STEPP@sakilacustomer.org,1,"2006-02-14 22:04:37"
385,PHILLIP,HOLM,PHILLIP.HOLM@sakilacustomer.org,1,"2006-02-14 22:04:37"
386,TODD,TAN,TODD.TAN@sakilacustomer.org,1,"2006-02-14 22:04:37"
387,JESSE,SCHILLING,JESSE.SCHILLING@sakilacustomer.org,1,"2006-02-14 22:04:37"
388,CRAIG,MORRELL,CRAIG.MORRELL@sakilacustomer.org,1,"2006-02-14 22:04:37"
389,ALAN,KAHN,ALAN.KAHN@sakilacustomer.org,1,"2006-02-14 22:04:37"
390,SHAWN,HEATON,SHAWN.HEATON@sakilacustomer.org,1,"2006-02-14 22:04:37"
391,CLARENCE,GAMEZ,CLARENCE.GAMEZ@sakilacustomer.org,1,"2006-02-14 22:04:37"
392,SEAN,DOUGLASS,SEAN.DOUGLASS@sakilacustomer.org,1,"2006-02-14 22:04:37"
393,PHILIP,CAUSEY,PHILIP.CAUSEY@sakilacustomer.org,1,"2006-02-14 22:04:37"
394,CHRIS,BROTHERS,CHRIS.BROTHERS@sakilacustomer.org,1,"2006-02-14 22:04:37"
395,JOHNNY,TURPIN,JOHNNY.TURPIN@sakilacustomer.org,1,"2006-02-14 22:04:37"
396,EARL,SHANKS,EARL.SHANKS@sakilacustomer.org,1,"2006-02-14 22:04:37"
397,JIMMY,SCHRADER,JIMMY.SCHRADER@sakilacustomer.org,1,"2006-02-14 22:04:37"
398,ANTONIO,MEEK,ANTONIO.MEEK@sakilacustomer.org,1,"2006-02-14 22:04:37"
399,DANNY,ISOM,DANNY.ISOM@sakilacustomer.org,1,"2006-02-14 22:04:37"
400,BRYAN,HARDISON,BRYAN.HARDISON@sakilacustomer.org,1,"2006-02-14 22:04:37"
401,TONY,CARRANZA,TONY.CARRANZA@sakilacustomer.org,1,"2006-02-14 22:04:37"
402,LUIS,YANEZ,LUIS.YANEZ@sakilacustomer.org,1,"2006-02-14 22:04:37"
403,MIKE,WAY,MIKE.WAY@sakilacustomer.org,1,"2006-02-14 22:04:37"
404,STANLEY,SCROGGINS,STANLEY.SCROGGINS@sakilacustomer.org,1,"2006-02-14 22:04:37"
405,LEONARD,SCHOFIELD,LEONARD.SCHOFIELD@sakilacustomer.org,1,"2006-02-14 22:04:37"
406,NATHAN,RUNYON,NATHAN.RUNYON@sakilacustomer.org,0,"2006-02-14 22:04:37"
407,DALE,RATCLIFF,DALE.RATCLIFF@sakilacustomer.org,1,"2006-02-14 22:04:37"
408,MANUEL,MURRELL,MANUEL.MURRELL@sakilacustomer.org,1,"2006-02-14 22:04:37"
409,RODNEY,MOELLER,RODNEY.MOELLER@sakilacustomer.org,1,"2006-02-14 22:04:37"
410,CURTIS,IRBY,CURTIS.IRBY@sakilacustomer.org,1,"2006-02-14 22:04:37"
411,NORMAN,CURRIER,NORMAN.CURRIER@sakilacustomer.org,1,"2006-02-14 22:04:37"
412,ALLEN,BUTTERFIELD,ALLEN.BUTTERFIELD@sakilacustomer.org,1,"2006-02-14 22:04:37"
413,MARVIN,YEE,MARVIN.YEE@sakilacustomer.org,1,"2006-02-14 22:04:37"
414,VINCENT,RALSTON,VINCENT.RALSTON@sakilacustomer.org,1,"2006-02-14 22:04:37"
415,GLENN,PULLEN,GLENN.PULLEN@sakilacustomer.org,1,"2006-02-14 22:04:37"
416,JEFFERY,PINSON,JEFFERY.PINSON@sakilacustomer.org,1,"2006-02-14 22:04:37"
417,TRAVIS,ESTEP,TRAVIS.ESTEP@sakilacustomer.org,1,"2006-02-14 22:04:37"
418,JEFF,EAST,JEFF.EAST@sakilacustomer.org,1,"2006-02-14 22:04:37"
419,CHAD,CARBONE,CHAD.CARBONE@sakilacustomer.org,1,"2006-02-14 22:04:37"
420,JACOB,LANCE,JACOB.LANCE@sakilacustomer.org,1,"2006-02-14 22:04:37"
421,LEE,HAWKS,LEE.HAWKS@sakilacustomer.org,1,"2006-02-14 22:04:37"
422,MELVIN,ELLINGTON,MELVIN.ELLINGTON@sakilacustomer.org,1,"2006-02-14 22:04:37"
423,ALFRED,CASILLAS,ALFRED.CASILLAS@sakilacustomer.org,1,"2006-02-14 22:04:37"
424,KYLE,SPURLOCK,KYLE.SPURLOCK@sakilacustomer.org,1,"2006-02-14 22:04:37"
425,FRANCIS,SIKES,FRANCIS.SIKES@sakilacustomer.org,1,"2006-02-14 22:04:37"
426,BRADLEY,MOTLEY,BRADLEY.MOTLEY@sakilacustomer.org,1,"2006-02-14 22:04:37"
427,JESUS,MCCARTNEY,JESUS.MCCARTNEY@sakilacustomer.org,1,"2006-02-14 22:04:37"
428,HERBERT,KRUGER,HERBERT.KRUGER@sakilacustomer.org,1,"2006-02-14 22:04:37"
429,FREDERICK,ISBELL,FREDERICK.ISBELL@sakilacustomer.org,1,"2006-02-14 22:04:37"
430,RAY,HOULE,RAY.HOULE@sakilacustomer.org,1,"2006-02-14 22:04:37"
431,JOEL,FRANCISCO,JOEL.FRANCISCO@sakilacustomer.org,1,"2006-02-14 22:04:37"
432,EDWIN,BURK,EDWIN.BURK@sakilacustomer.org,1,"2006-02-14 22:04:37"
433,DON,BONE,DON.BONE@sakilacustomer.org,1,"2006-02-14 22:04:37"
434,EDDIE,TOMLIN,EDDIE.TOMLIN@sakilacustomer.org,1,"2006-02-14 22:04:37"
435,RICKY,SHELBY,RICKY.SHELBY@sakilacustomer.org,1,"2006-02-14 22:04:37"
436,TROY,QUIGLEY,TROY.QUIGLEY@sakilacustomer.org,1,"2006-02-14 22:04:37"
437,RANDALL,NEUMANN,RANDALL.NEUMANN@sakilacustomer.org,1,"2006-02-14 22:04:37"
438,BARRY,LOVELACE,BARRY.LOVELACE@sakilacustomer.org,1,"2006-02-14 22:04:37"
439,ALEXANDER,FENNELL,ALEXANDER.FENNELL@sakilacustomer.org,1,"2006-02-14 22:04:37"
440,BERNARD,COLBY,BERNARD.COLBY@sakilacustomer.org,1,"2006-02-14 22:04:37"
441,MARIO,CHEATHAM,MARIO.CHEATHAM@sakilacustomer.org,1,"2006-02-14 22:04:37"
442,LEROY,BUSTAMANTE,LEROY.BUSTAMANTE@sakilacustomer.org,1,"2006-02-14 22:04:37"
443,FRANCISCO,SKIDMORE,FRANCISCO.SKIDMORE@sakilacustomer.org,1,"2006-02-14 22:04:37"
444,MARCUS,HIDALGO,MARCUS.HIDALGO@sakilacustomer.org,1,"2006-02-14 22:04:37"
445,MICHEAL,FORMAN,MICHEAL.FORMAN@sakilacustomer.org,1,"2006-02-14 22:04:37"
446,THEODORE,CULP,THEODORE.CULP@sakilacustomer.org,0,"2006-02-14 22:04:37"
447,CLIFFORD,BOWENS,CLIFFORD.BOWENS@sakilacustomer.org,1,"2006-02-14 22:04:37"
448,MIGUEL,BETANCOURT,MIGUEL.BETANCOURT@sakilacustomer.org,1,"2006-02-14 22:04:37"
449,OSCAR,AQUINO,OSCAR.AQUINO@sakilacustomer.org,1,"2006-02-14 22:04:37"
450,JAY,ROBB,JAY.ROBB@sakilacustomer.org,1,"2006-02-14 22:04:37"
451,JIM,REA,JIM.REA@sakilacustomer.org,1,"2006-02-14 22:04:37"
452,TOM,MILNER,TOM.MILNER@sakilacustomer.org,1,"2006-02-14 22:04:37"
453,CALVIN,MARTEL,CALVIN.MARTEL@sakilacustomer.org,1,"2006-02-14 22:04:37"
454,ALEX,GRESHAM,ALEX.GRESHAM@sakilacustomer.org,1,"2006-02-14 22:04:37"
455,JON,WILES,JON.WILES@sakilacustomer.org,1,"2006-02-14 22:04:37"
456,RONNIE,RICKETTS,RONNIE.RICKETTS@sakilacustomer.org,1,"2006-02-14 22:04:37"
457,BILL,GAVIN,BILL.GAVIN@sakilacustomer.org,1,"2006-02-14 22:04:37"
458,LLOYD,DOWD,LLOYD.DOWD@sakilacustomer.org,1,"2006-02-14 22:04:37"
459,TOMMY,COLLAZO,TOMMY.COLLAZO@sakilacustomer.org,1,"2006-02-14 22:04:37"
460,LEON,BOSTIC,LEON.BOSTIC@sakilacustomer.org,1,"2006-02-14 22:04:37"
461,DEREK,BLAKELY,DEREK.BLAKELY@sakilacustomer.org,1,"2006-02-14 22:04:37"
462,WARREN,SHERROD,WARREN.SHERROD@sakilacustomer.org,1,"2006-02-14 22:04:37"
463,DARRELL,POWER,DARRELL.POWER@sakilacustomer.org,1,"2006-02-14 22:04:37"
464,JEROME,KENYON,JEROME.KENYON@sakilacustomer.org,1,"2006-02-14 22:04:37"
465,FLOYD,GANDY,FLOYD.GANDY@sakilacustomer.org,1,"2006-02-14 22:04:37"
466,LEO,EBERT,LEO.EBERT@sakilacustomer.org,1,"2006-02-14 22:04:37"
467,ALVIN,DELOACH,ALVIN.DELOACH@sakilacustomer.org,1,"2006-02-14 22:04:37"
468,TIM,CARY,TIM.CARY@sakilacustomer.org,1,"2006-02-14 22:04:37"
469,WESLEY,BULL,WESLEY.BULL@sakilacustomer.org,1,"2006-02-14 22:04:37"
470,GORDON,ALLARD,GORDON.ALLARD@sakilacustomer.org,1,"2006-02-14 22:04:37"
471,DEAN,SAUER,DEAN.SAUER@sakilacustomer.org,1,"2006-02-14 22:04:37"
472,GREG,ROBINS,GREG.ROBINS@sakilacustomer.org,1,"2006-02-14 22:04:37"
473,JORGE,OLIVARES,JORGE.OLIVARES@sakilacustomer.org,1,"2006-02-14 22:04:37"
474,DUSTIN,GILLETTE,DUSTIN.GILLETTE@sakilacustomer.org,1,"2006-02-14 22:04:37"
475,PEDRO,CHESTNUT,PEDRO.CHESTNUT@sakilacustomer.org,1,"2006-02-14 22:04:37"
476,DERRICK,BOURQUE,DERRICK.BOURQUE@sakilacustomer.org,1,"2006-02-14 22:04:37"
477,DAN,PAINE,DAN.PAINE@sakilacustomer.org,1,"2006-02-14 22:04:37"
478,LEWIS,LYMAN,LEWIS.LYMAN@sakilacustomer.org,1,"2006-02-14 22:04:37"
479,ZACHARY,HITE,ZACHARY.HITE@sakilacustomer.org,1,"2006-02-14 22:04:37"
480,COREY,HAUSER,COREY.HAUSER@sakilacustomer.org,1,"2006-02-14 22:04:37"
481,HERMAN,DEVORE,HERMAN.DEVORE@sakilacustomer.org,1,"2006-02-14 22:04:37"
482,MAURICE,CRAWLEY,MAURICE.CRAWLEY@sakilacustomer.org,0,"2006-02-14 22:04:37"
483,VERNON,CHAPA,VERNON.CHAPA@sakilacustomer.org,1,"2006-02-14 22:04:37"
484,ROBERTO,VU,ROBERTO.VU@sakilacustomer.org,1,"2006-02-14 22:04:37"
485,CLYDE,TOBIAS,CLYDE.TOBIAS@sakilacustomer.org,1,"2006-02-14 22:04:37"
486,GLEN,TALBERT,GLEN.TALBERT@sakilacustomer.org,1,"2006-02-14 22:04:37"
487,HECTOR,POINDEXTER,HECTOR.POINDEXTER@sakilacustomer.org,1,"2006-02-14 22:04:37"
488,SHANE,MILLARD,SHANE.MILLARD@sakilacustomer.org,1,"2006-02-14 22:04:37"
489,RICARDO,MEADOR,RICARDO.MEADOR@sakilacustomer.org,1,"2006-02-14 22:04:37"
490,SAM,MCDUFFIE,SAM.MCDUFFIE@sakilacustomer.org,1,"2006-02-14 22:04:37"
491,RICK,MATTOX,RICK.MATTOX@sakilacustomer.org,1,"2006-02-14 22:04:37"
492,LESTER,KRAUS,LESTER.KRAUS@sakilacustomer.org,1,"2006-02-14 22:04:37"
493,BRENT,HARKINS,BRENT.HARKINS@sakilacustomer.org,1,"2006-02-14 22:04:37"
494,RAMON,CHOATE,RAMON.CHOATE@sakilacustomer.org,1,"2006-02-14 22:04:37"
495,CHARLIE,BESS,CHARLIE.BESS@sakilacustomer.org,1,"2006-02-14 22:04:37"
496,TYLER,WREN,TYLER.WREN@sakilacustomer.org,1,"2006-02-14 22:04:37"
497,GILBERT,SLEDGE,GILBERT.SLEDGE@sakilacustomer.org,1,"2006-02-14 22:04:37"
498,GENE,SANBORN,GENE.SANBORN@sakilacustomer.org,1,"2006-02-14 22:04:37"
499,MARC,OUTLAW,MARC.OUTLAW@sakilacustomer.org,1,"2006-02-14 22:04:37"
500,REGINALD,KINDER,REGINALD.KINDER@sakilacustomer.org,1,"2006-02-14 22:04:37"
501,RUBEN,GEARY,RUBEN.GEARY@sakilacustomer.org,1,"2006-02-14 22:04:37"
502,BRETT,CORNWELL,BRETT.CORNWELL@sakilacustomer.org,1,"2006-02-14 22:04:37"
503,ANGEL,BARCLAY,ANGEL.BARCLAY@sakilacustomer.org,1,"2006-02-14 22:04:37"
504,NATHANIEL,ADAM,NATHANIEL.ADAM@sakilacustomer.org,1,"2006-02-14 22:04:37"
505,RAFAEL,ABNEY,RAFAEL.ABNEY@sakilacustomer.org,1,"2006-02-14 22:04:37"
506,LESLIE,SEWARD,LESLIE.SEWARD@sakilacustomer.org,1,"2006-02-14 22:04:37"
507,EDGAR,RHOADS,EDGAR.RHOADS@sakilacustomer.org,1,"2006-02-14 22:04:37"
508,MILTON,HOWLAND,MILTON.HOWLAND@sakilacustomer.org,1,"2006-02-14 22:04:37"
509,RAUL,FORTIER,RAUL.FORTIER@sakilacustomer.org,1,"2006-02-14 22:04:37"
510,BEN,EASTER,BEN.EASTER@sakilacustomer.org,0,"2006-02-14 22:04:37"
511,CHESTER,BENNER,CHESTER.BENNER@sakilacustomer.org,1,"2006-02-14 22:04:37"
512,CECIL,VINES,CECIL.VINES@sakilacustomer.org,1,"2006-02-14 22:04:37"
513,DUANE,TUBBS,DUANE.TUBBS@sakilacustomer.org,1,"2006-02-14 22:04:37"
514,FRANKLIN,TROUTMAN,FRANKLIN.TROUTMAN@sakilacustomer.org,1,"2006-02-14 22:04:37"
515,ANDRE,RAPP,ANDRE.RAPP@sakilacustomer.org,1,"2006-02-14 22:04:37"
516,ELMER,NOE,ELMER.NOE@sakilacustomer.org,1,"2006-02-14 22:04:37"
517,BRAD,MCCURDY,BRAD.MCCURDY@sakilacustomer.org,1,"2006-02-14 22:04:37"
518,GABRIEL,HARDER,GABRIEL.HARDER@sakilacustomer.org,1,"2006-02-14 22:04:37"
519,RON,DELUCA,RON.DELUCA@sakilacustomer.org,1,"2006-02-14 22:04:37"
520,MITCHELL,WESTMORELAND,MITCHELL.WESTMORELAND@sakilacustomer.org,1,"2006-02-14 22:04:37"
521,ROLAND,SOUTH,ROLAND.SOUTH@sakilacustomer.org,1,"2006-02-14 22:04:37"
522,ARNOLD,HAVENS,ARNOLD.HAVENS@sakilacustomer.org,1,"2006-02-14 22:04:37"
523,HARVEY,GUAJARDO,HARVEY.GUAJARDO@sakilacustomer.org,1,"2006-02-14 22:04:37"
524,JARED,ELY,JARED.ELY@sakilacustomer.org,1,"2006-02-14 22:04:37"
525,ADRIAN,CLARY,ADRIAN.CLARY@sakilacustomer.org,1,"2006-02-14 22:04:37"
526,KARL,SEAL,KARL.SEAL@sakilacustomer.org,1,"2006-02-14 22:04:37"
527,CORY,MEEHAN,CORY.MEEHAN@sakilacustomer.org,1,"2006-02-14 22:04:37"
528,CLAUDE,HERZOG,CLAUDE.HERZOG@sakilacustomer.org,1,"2006-02-14 22:04:37"
529,ERIK,GUILLEN,ERIK.GUILLEN@sakilacustomer.org,1,"2006-02-14 22:04:37"
530,DARRYL,ASHCRAFT,DARRYL.ASHCRAFT@sakilacustomer.org,1,"2006-02-14 22:04:37"
531,JAMIE,WAUGH,JAMIE.WAUGH@sakilacustomer.org,1,"2006-02-14 22:04:37"
532,NEIL,RENNER,NEIL.RENNER@sakilacustomer.org,1,"2006-02-14 22:04:37"
533,JESSIE,MILAM,JESSIE.MILAM@sakilacustomer.org,1,"2006-02-14 22:04:37"
534,CHRISTIAN,JUNG,CHRISTIAN.JUNG@sakilacustomer.org,0,"2006-02-14 22:04:37"
535,JAVIER,ELROD,JAVIER.ELROD@sakilacustomer.org,1,"2006-02-14 22:04:37"
536,FERNANDO,CHURCHILL,FERNANDO.CHURCHILL@sakilacustomer.org,1,"2006-02-14 22:04:37"
537,CLINTON,BUFORD,CLINTON.BUFORD@sakilacustomer.org,1,"2006-02-14 22:04:37"
538,TED,BREAUX,TED.BREAUX@sakilacustomer.org,1,"2006-02-14 22:04:37"
539,MATHEW,BOLIN,MATHEW.BOLIN@sakilacustomer.org,1,"2006-02-14 22:04:37"
540,TYRONE,ASHER,TYRONE.ASHER@sakilacustomer.org,1,"2006-02-14 22:04:37"
541,DARREN,WINDHAM,DARREN.WINDHAM@sakilacustomer.org,1,"2006-02-14 22:04:37"
542,LONNIE,TIRADO,LONNIE.TIRADO@sakilacustomer.org,1,"2006-02-14 22:04:37"
543,LANCE,PEMBERTON,LANCE.PEMBERTON@sakilacustomer.org,1,"2006-02-14 22:04:37"
544,CODY,NOLEN,CODY.NOLEN@sakilacustomer.org,1,"2006-02-14 22:04:37"
545,JULIO,NOLAND,JULIO.NOLAND@sakilacustomer.org,1,"2006-02-14 22:04:37"
546,KELLY,KNOTT,KELLY.KNOTT@sakilacustomer.org,1,"2006-02-14 22:04:37"
547,KURT,EMMONS,KURT.EMMONS@sakilacustomer.org,1,"2006-02-14 22:04:37"
548,ALLAN,CORNISH,ALLAN.CORNISH@sakilacustomer.org,1,"2006-02-14 22:04:37"
549,NELSON,CHRISTENSON,NELSON.CHRISTENSON@sakilacustomer.org,1,"2006-02-14 22:04:37"
550,GUY,BROWNLEE,GUY.BROWNLEE@sakilacustomer.org,1,"2006-02-14 22:04:37"
551,CLAYTON,BARBEE,CLAYTON.BARBEE@sakilacustomer.org,1,"2006-02-14 22:04:37"
552,HUGH,WALDROP,HUGH.WALDROP@sakilacustomer.org,1,"2006-02-14 22:04:37"
553,MAX,PITT,MAX.PITT@sakilacustomer.org,1,"2006-02-14 22:04:37"
554,DWAYNE,OLVERA,DWAYNE.OLVERA@sakilacustomer.org,1,"2006-02-14 22:04:37"
555,DWIGHT,LOMBARDI,DWIGHT.LOMBARDI@sakilacustomer.org,1,"2006-02-14 22:04:37"
556,ARMANDO,GRUBER,ARMANDO.GRUBER@sakilacustomer.org,1,"2006-02-14 22:04:37"
557,FELIX,GAFFNEY,FELIX.GAFFNEY@sakilacustomer.org,1,"2006-02-14 22:04:37"
558,JIMMIE,EGGLESTON,JIMMIE.EGGLESTON@sakilacustomer.org,0,"2006-02-14 22:04:37"
559,EVERETT,BANDA,EVERETT.BANDA@sakilacustomer.org,1,"2006-02-14 22:04:37"
560,JORDAN,ARCHULETA,JORDAN.ARCHULETA@sakilacustomer.org,1,"2006-02-14 22:04:37"
561,IAN,STILL,IAN.STILL@sakilacustomer.org,1,"2006-02-14 22:04:37"
562,WALLACE,SLONE,WALLACE.SLONE@sakilacustomer.org,1,"2006-02-14 22:04:37"
563,KEN,PREWITT,KEN.PREWITT@sakilacustomer.org,1,"2006-02-14 22:04:37"
564,BOB,PFEIFFER,BOB.PFEIFFER@sakilacustomer.org,1,"2006-02-14 22:04:37"
565,JAIME,NETTLES,JAIME.NETTLES@sakilacustomer.org,1,"2006-02-14 22:04:37"
566,CASEY,MENA,CASEY.MENA@sakilacustomer.org,1,"2006-02-14 22:04:37"
567,ALFREDO,MCADAMS,ALFREDO.MCADAMS@sakilacustomer.org,1,"2006-02-14 22:04:37"
568,ALBERTO,HENNING,ALBERTO.HENNING@sakilacustomer.org,1,"2006-02-14 22:04:37"
569,DAVE,GARDINER,DAVE.GARDINER@sakilacustomer.org,1,"2006-02-14 22:04:37"
570,IVAN,CROMWELL,IVAN.CROMWELL@sakilacustomer.org,1,"2006-02-14 22:04:37"
571,JOHNNIE,CHISHOLM,JOHNNIE.CHISHOLM@sakilacustomer.org,1,"2006-02-14 22:04:37"
572,SIDNEY,BURLESON,SIDNEY.BURLESON@sakilacustomer.org,1,"2006-02-14 22:04:37"
573,BYRON,BOX,BYRON.BOX@sakilacustomer.org,1,"2006-02-14 22:04:37"
574,JULIAN,VEST,JULIAN.VEST@sakilacustomer.org,1,"2006-02-14 22:04:37"
575,ISAAC,OGLESBY,ISAAC.OGLESBY@sakilacustomer.org,1,"2006-02-14 22:04:37"
576,MORRIS,MCCARTER,MORRIS.MCCARTER@sakilacustomer.org,1,"2006-02-14 22:04:37"
577,CLIFTON,MALCOLM,CLIFTON.MALCOLM@sakilacustomer.org,1,"2006-02-14 22:04:37"
578,WILLARD,LUMPKIN,WILLARD.LUMPKIN@sakilacustomer.org,1,"2006-02-14 22:04:37"
579,DARYL,LARUE,DARYL.LARUE@sakilacustomer.org,1,"2006-02-14 22:04:37"
580,ROSS,GREY,ROSS.GREY@sakilacustomer.org,1,"2006-02-14 22:04:37"
581,VIRGIL,WOFFORD,VIRGIL.WOFFORD@sakilacustomer.org,1,"2006-02-14 22:04:37"
582,ANDY,VANHORN,ANDY.VANHORN@sakilacustomer.org,1,"2006-02-14 22:04:37"
583,MARSHALL,THORN,MARSHALL.THORN@sakilacustomer.org,1,"2006-02-14 22:04:37"
584,SALVADOR,TEEL,SALVADOR.TEEL@sakilacustomer.org,1,"2006-02-14 22:04:37"
585,PERRY,SWAFFORD,PERRY.SWAFFORD@sakilacustomer.org,1,"2006-02-14 22:04:37"
586,KIRK,STCLAIR,KIRK.STCLAIR@sakilacustomer.org,1,"2006-02-14 22:04:37"
587,SERGIO,STANFIELD,SERGIO.STANFIELD@sakilacustomer.org,1,"2006-02-14 22:04:37"
588,MARION,OCAMPO,MARION.OCAMPO@sakilacustomer.org,1,"2006-02-14 22:04:37"
589,TRACY,HERRMANN,TRACY.HERRMANN@sakilacustomer.org,1,"2006-02-14 22:04:37"
590,SETH,HANNON,SETH.HANNON@sakilacustomer.org,1,"2006-02-14 22:04:37"
591,KENT,ARSENAULT,KENT.ARSENAULT@sakilacustomer.org,1,"2006-02-14 22:04:37"
592,TERRANCE,ROUSH,TERRANCE.ROUSH@sakilacustomer.org,0,"2006-02-14 22:04:37"
593,RENE,MCALISTER,RENE.MCALISTER@sakilacustomer.org,1,"2006-02-14 22:04:37"
594,EDUARDO,HIATT,EDUARDO.HIATT@sakilacustomer.org,1,"2006-02-14 22:04:37"
595,TERRENCE,GUNDERSON,TERRENCE.GUNDERSON@sakilacustomer.org,1,"2006-02-14 22:04:37"
596,ENRIQUE,FORSYTHE,ENRIQUE.FORSYTHE@sakilacustomer.org,1,"2006-02-14 22:04:37"
597,FREDDIE,DUGGAN,FREDDIE.DUGGAN@sakilacustomer.org,1,"2006-02-14 22:04:37"
598,WADE,DELVALLE,WADE.DELVALLE@sakilacustomer.org,1,"2006-02-14 22:04:37"
599,AUSTIN,CINTRON,AUSTIN.CINTRON@sakilacustomer.org,1,"2006-02-14 22:04:37"
